{"cameraMode":{"drawMode":0,"name":"Shaded","section":"Shading Mode"},"sceneLighting":true,"audioPlay":false,"sceneViewState":{"showFog":true,"showMaterialUpdate":false,"showSkybox":true,"showFlares":true,"showImageEffects":true,"showParticleSystems":true},"in2DMode":false,"pivot":{"x":-0.8831796646118164,"y":-7.3392486572265629,"z":3.8410167694091799},"rotation":{"x":-0.347287118434906,"y":0.34157413244247439,"z":-0.13754476606845857,"w":-0.8624516129493713},"size":30.251903533935548,"orthographic":false}