{"cameraMode":{"drawMode":0,"name":"Shaded","section":"Shading Mode"},"sceneLighting":false,"audioPlay":false,"sceneViewState":{"showFog":true,"showMaterialUpdate":false,"showSkybox":false,"showFlares":true,"showImageEffects":true,"showParticleSystems":true},"in2DMode":false,"pivot":{"x":0.0,"y":0.1110721081495285,"z":-0.28000009059906008},"rotation":{"x":-0.4498288929462433,"y":0.027319278568029405,"z":-0.01376781053841114,"w":-0.8925907015800476},"size":18.671218872070314,"orthographic":false}