{"cameraMode":{"drawMode":0,"name":"Shaded","section":"Shading Mode"},"sceneLighting":false,"audioPlay":false,"sceneViewState":{"showFog":true,"showMaterialUpdate":false,"showSkybox":false,"showFlares":true,"showImageEffects":true,"showParticleSystems":true},"in2DMode":false,"pivot":{"x":0.3947601318359375,"y":0.3271212577819824,"z":22.598567962646486},"rotation":{"x":-0.26784878969192507,"y":0.3340910077095032,"z":-0.09962280094623566,"w":-0.898197591304779},"size":40.24959182739258,"orthographic":false}