{"cameraMode":{"drawMode":0,"name":"Shaded","section":"Shading Mode"},"sceneLighting":false,"audioPlay":false,"sceneViewState":{"showFog":true,"showMaterialUpdate":false,"showSkybox":false,"showFlares":true,"showImageEffects":true,"showParticleSystems":true},"in2DMode":false,"pivot":{"x":-1.161642074584961,"y":0.9627172946929932,"z":6.057015419006348},"rotation":{"x":0.00779915414750576,"y":-0.05216672271490097,"z":0.0004089477297384292,"w":0.9986162781715393},"size":22.0,"orthographic":false}