{"cameraMode":{"drawMode":0,"name":"Shaded","section":"Shading Mode"},"sceneLighting":false,"audioPlay":false,"sceneViewState":{"showFog":true,"showMaterialUpdate":false,"showSkybox":false,"showFlares":true,"showImageEffects":true,"showParticleSystems":true},"in2DMode":false,"pivot":{"x":-1.717480182647705,"y":-0.8567521572113037,"z":2.134993553161621},"rotation":{"x":-0.12823133170604707,"y":0.273504376411438,"z":-0.03681648150086403,"w":-0.9525843858718872},"size":6.607586860656738,"orthographic":false}