{"cameraMode":{"drawMode":0,"name":"Shaded","section":"Shading Mode"},"sceneLighting":false,"audioPlay":false,"sceneViewState":{"showFog":true,"showMaterialUpdate":false,"showSkybox":false,"showFlares":true,"showImageEffects":true,"showParticleSystems":true},"in2DMode":false,"pivot":{"x":-5.477709770202637,"y":-4.597448825836182,"z":9.350264549255371},"rotation":{"x":-0.22652781009674073,"y":0.3717995882034302,"z":-0.09406792372465134,"w":-0.8953288197517395},"size":25.50177764892578,"orthographic":false}