{"cameraMode":{"drawMode":0,"name":"Shaded","section":"Shading Mode"},"sceneLighting":false,"audioPlay":false,"sceneViewState":{"showFog":true,"showMaterialUpdate":false,"showSkybox":false,"showFlares":true,"showImageEffects":true,"showParticleSystems":true},"in2DMode":false,"pivot":{"x":0.0,"y":-0.009999997913837433,"z":-0.30000007152557375},"rotation":{"x":-0.22825078666210175,"y":-0.4854261875152588,"z":0.13294050097465516,"w":-0.8334469199180603},"size":1.1244240999221802,"orthographic":false}