{"cameraMode":{"drawMode":0,"name":"Shaded","section":"Shading Mode"},"sceneLighting":true,"audioPlay":false,"sceneViewState":{"showFog":true,"showMaterialUpdate":false,"showSkybox":true,"showFlares":true,"showImageEffects":true,"showParticleSystems":true},"in2DMode":false,"pivot":{"x":18.78305435180664,"y":0.47972893714904787,"z":1.4678434133529664},"rotation":{"x":-0.0224178247153759,"y":-0.7088725566864014,"z":0.02255973033607006,"w":-0.7046250700950623},"size":29.247560501098634,"orthographic":false}