{"cameraMode":{"drawMode":0,"name":"Shaded","section":"Shading Mode"},"sceneLighting":false,"audioPlay":false,"sceneViewState":{"showFog":true,"showMaterialUpdate":false,"showSkybox":false,"showFlares":true,"showImageEffects":true,"showParticleSystems":true},"in2DMode":false,"pivot":{"x":0.6632450819015503,"y":0.5505383610725403,"z":0.1426195651292801},"rotation":{"x":-0.00022891837579663843,"y":-0.6877675652503967,"z":0.0002089250774588436,"w":-0.725943386554718},"size":2.181317090988159,"orthographic":false}