{"cameraMode":{"drawMode":0,"name":"Shaded","section":"Shading Mode"},"sceneLighting":true,"audioPlay":false,"sceneViewState":{"showFog":true,"showMaterialUpdate":false,"showSkybox":true,"showFlares":true,"showImageEffects":true,"showParticleSystems":true},"in2DMode":false,"pivot":{"x":1.2221832275390626,"y":-1.1576271057128907,"z":-0.5247344970703125},"rotation":{"x":-0.35926803946495058,"y":0.2756533920764923,"z":-0.11196091026067734,"w":-0.8845375776290894},"size":19.463653564453126,"orthographic":false}