{"cameraMode":{"drawMode":0,"name":"Shaded","section":"Shading Mode"},"sceneLighting":false,"audioPlay":false,"sceneViewState":{"showFog":true,"showMaterialUpdate":false,"showSkybox":false,"showFlares":true,"showImageEffects":true,"showParticleSystems":true},"in2DMode":false,"pivot":{"x":7.190000534057617,"y":0.25999993085861208,"z":-7.199999809265137},"rotation":{"x":-0.07071342319250107,"y":0.674536943435669,"z":-0.06516499817371369,"w":-0.7319551706314087},"size":23.33452606201172,"orthographic":false}