{"cameraMode":{"drawMode":0,"name":"Shaded","section":"Shading Mode"},"sceneLighting":true,"audioPlay":false,"sceneViewState":{"showFog":true,"showMaterialUpdate":false,"showSkybox":true,"showFlares":true,"showImageEffects":true,"showParticleSystems":true},"in2DMode":false,"pivot":{"x":-3.9770517349243166,"y":-2.767974376678467,"z":4.673311233520508},"rotation":{"x":-0.16844236850738526,"y":0.4238739609718323,"z":-0.08055022358894348,"w":-0.8862947821617127},"size":22.895427703857423,"orthographic":false}