{"cameraMode":{"drawMode":0,"name":"Shaded","section":"Shading Mode"},"sceneLighting":false,"audioPlay":false,"sceneViewState":{"showFog":true,"showMaterialUpdate":false,"showSkybox":false,"showFlares":true,"showImageEffects":true,"showParticleSystems":true},"in2DMode":false,"pivot":{"x":-0.849075436592102,"y":-0.3502510190010071,"z":0.04655545949935913},"rotation":{"x":-0.1333690732717514,"y":0.6218013167381287,"z":-0.10853642225265503,"w":-0.7640752196311951},"size":2.515424966812134,"orthographic":false}