{"cameraMode":{"drawMode":0,"name":"Shaded","section":"Shading Mode"},"sceneLighting":false,"audioPlay":false,"sceneViewState":{"showFog":true,"showMaterialUpdate":false,"showSkybox":false,"showFlares":true,"showImageEffects":true,"showParticleSystems":true},"in2DMode":false,"pivot":{"x":3.5978124141693117,"y":0.9249841570854187,"z":0.30883854627609255},"rotation":{"x":0.014949318952858448,"y":-0.6908816695213318,"z":-0.014301912859082222,"w":-0.7226846814155579},"size":5.864060401916504,"orthographic":false}