{"cameraMode":{"drawMode":0,"name":"Shaded","section":"Shading Mode"},"sceneLighting":false,"audioPlay":false,"sceneViewState":{"showFog":true,"showMaterialUpdate":false,"showSkybox":false,"showFlares":true,"showImageEffects":true,"showParticleSystems":true},"in2DMode":false,"pivot":{"x":-1.9856629371643067,"y":2.506999969482422,"z":-3.1557493209838869},"rotation":{"x":-0.20521661639213563,"y":0.5380329489707947,"z":-0.13698583841323853,"w":-0.8060109615325928},"size":9.755776405334473,"orthographic":false}