{"cameraMode":{"drawMode":0,"name":"Shaded","section":"Shading Mode"},"sceneLighting":true,"audioPlay":false,"sceneViewState":{"showFog":true,"showMaterialUpdate":false,"showSkybox":false,"showFlares":true,"showImageEffects":true,"showParticleSystems":true},"in2DMode":false,"pivot":{"x":0.247747540473938,"y":3.217958927154541,"z":-0.07949250936508179},"rotation":{"x":-0.6534661650657654,"y":0.3282751441001892,"z":-0.3777141273021698,"w":-0.5679379105567932},"size":5.142077922821045,"orthographic":false}