{"cameraMode":{"drawMode":0,"name":"Shaded","section":"Shading Mode"},"sceneLighting":false,"audioPlay":false,"sceneViewState":{"showFog":true,"showMaterialUpdate":false,"showSkybox":false,"showFlares":true,"showImageEffects":true,"showParticleSystems":true},"in2DMode":false,"pivot":{"x":-3.255645751953125,"y":-0.6047735214233398,"z":0.1943666934967041},"rotation":{"x":-0.10946458578109741,"y":0.6506058573722839,"z":-0.09554096311330795,"w":-0.7454012036323547},"size":5.0191521644592289,"orthographic":false}