{"cameraMode":{"drawMode":0,"name":"Shaded","section":"Shading Mode"},"sceneLighting":true,"audioPlay":false,"sceneViewState":{"showFog":true,"showMaterialUpdate":false,"showSkybox":false,"showFlares":true,"showImageEffects":true,"showParticleSystems":true},"in2DMode":false,"pivot":{"x":0.003000020980834961,"y":0.5820000171661377,"z":0.22576093673706056},"rotation":{"x":-0.1606234908103943,"y":0.10843535512685776,"z":-0.01774654909968376,"w":-0.9809016585350037},"size":41.21298599243164,"orthographic":false}