{"cameraMode":{"drawMode":0,"name":"Shaded","section":"Shading Mode"},"sceneLighting":false,"audioPlay":false,"sceneViewState":{"showFog":true,"showMaterialUpdate":false,"showSkybox":false,"showFlares":true,"showImageEffects":true,"showParticleSystems":true},"in2DMode":false,"pivot":{"x":-2.1982948780059816,"y":-1.8052722215652466,"z":-2.572394371032715},"rotation":{"x":-0.20907527208328248,"y":0.3096935451030731,"z":-0.07000428438186646,"w":-0.9249235987663269},"size":5.748029708862305,"orthographic":false}