{"cameraMode":{"drawMode":0,"name":"Shaded","section":"Shading Mode"},"sceneLighting":false,"audioPlay":false,"sceneViewState":{"showFog":true,"showMaterialUpdate":false,"showSkybox":false,"showFlares":true,"showImageEffects":true,"showParticleSystems":true},"in2DMode":false,"pivot":{"x":-3.7257254123687746,"y":-1.7879151105880738,"z":3.9699184894561769},"rotation":{"x":0.1625470519065857,"y":-0.4156506657600403,"z":0.0757666826248169,"w":0.891693115234375},"size":9.333063125610352,"orthographic":false}